CHROM	POS	REF	ALT	panel_variant_id	rsid	risk_allele	non_risk_allele	beta	p_value
22	16050075	A	G	22:16050075:A:G	rs_mock_16050075	G	A	0.337	1.897796e-08
22	16050115	G	A	22:16050115:G:A	rs_mock_16050115	A	G	-0.144	2.178858e-08
22	16050213	C	T	22:16050213:C:T	rs_mock_16050213	T	C	0.236	1.871553e-09
22	16050319	C	T	22:16050319:C:T	rs_mock_16050319	T	C	-0.263	4.867700e-08
22	16050527	C	A	22:16050527:C:A	rs_mock_16050527	A	C	0.24	2.158756e-08
22	16050568	C	A	22:16050568:C:A	rs_mock_16050568	A	C	-0.189	4.787883e-08
22	16050607	G	A	22:16050607:G:A	rs_mock_16050607	A	G	0.351	4.438775e-08
22	16050627	G	T	22:16050627:G:T	rs_mock_16050627	T	G	-0.191	3.199894e-08
22	16050646	G	T	22:16050646:G:T	rs_mock_16050646	T	G	0.402	4.854833e-08
22	16050655	G	A	22:16050655:G:A	rs_mock_16050655	A	G	-0.194	3.094191e-08
22	16050678	C	T	22:16050678:C:T	rs_mock_16050678	T	C	0.33	1.667136e-08
22	16050679	G	A	22:16050679:G:A	rs_mock_16050679	A	G	-0.429	1.733741e-08
22	16050688	C	T	22:16050688:C:T	rs_mock_16050688	T	C	0.061	1.992427e-08
22	16050732	C	T	22:16050732:C:T	rs_mock_16050732	T	C	-0.172	3.923464e-08
22	16050758	T	C	22:16050758:T:C	rs_mock_16050758	C	T	0.187	1.946826e-09
22	16050783	A	G	22:16050783:A:G	rs_mock_16050783	G	A	-0.264	3.743977e-08
22	16050840	C	G	22:16050840:C:G	rs_mock_16050840	G	C	0.172	3.386384e-08
22	16050847	T	C	22:16050847:T:C	rs_mock_16050847	C	T	0.066	8.563217e-09
22	16050856	G	T	22:16050856:G:T	rs_mock_16050856	T	G	-0.044	1.305440e-08
22	16050874	G	T	22:16050874:G:T	rs_mock_16050874	T	G	-0.332	2.572065e-08
